{"prompts": {"0": {}, "1": {}, "2": {}, "3": {}, "4": {}, "5": {}, "6": {}, "7": {}, "8": {}, "9": {}}, "gpt-j-6B-and-gpt-neo-125M": {"0": {"gpt2": 341.8933256149292, "gpt2-xl": 209.60359716415405, "gpt-neo-125M": 297.7187373161316, "distilgpt2": 444.9144771575928}, "1": {"gpt2": 85.64744081497193, "gpt2-xl": 70.59629688262939, "gpt-neo-125M": 65.67116093635559, "distilgpt2": 117.76025104522705}, "2": {"gpt2": 250.127370262146, "gpt2-xl": 179.25837450027467, "gpt-neo-125M": 225.25092391967775, "distilgpt2": 283.12130603790285}, "3": {"gpt2": 54.59125680923462, "gpt2-xl": 48.432721328735354, "gpt-neo-125M": 54.83208408355713, "distilgpt2": 64.69304342269898}, "4": {"gpt2": 119.08688774108887, "gpt2-xl": 75.45153827667237, "gpt-neo-125M": 77.29671993255616, "distilgpt2": 115.02389698028564}, "5": {"gpt2": 185.28646669387817, "gpt2-xl": 151.76126403808593, "gpt-neo-125M": 123.30172491073608, "distilgpt2": 210.45495853424072}, "6": {"gpt2": 126.62100887298584, "gpt2-xl": 88.76704540252686, "gpt-neo-125M": 41.99338283538818, "distilgpt2": 157.78662929534912}, "7": {"gpt2": 34.484660911560056, "gpt2-xl": 35.349087631702425, "gpt-neo-125M": 36.1767564535141, "distilgpt2": 42.70220131874085}, "8": {"gpt2": 328.563055896759, "gpt2-xl": 238.8502091884613, "gpt-neo-125M": 374.95577211380004, "distilgpt2": 524.7160305261611}, "9": {"gpt2": 102.7171441078186, "gpt2-xl": 88.73827295303344, "gpt-neo-125M": 87.73528757095337, "distilgpt2": 162.41085948944092}}, "Multilingual-MiniLM-L12-H384": {"0": {"Multilingual-MiniLM-L12-H384": 773617.746875}, "1": {"Multilingual-MiniLM-L12-H384": 795622.6421875}, "2": {"Multilingual-MiniLM-L12-H384": 828810.215625}, "3": {"Multilingual-MiniLM-L12-H384": 770125.73125}, "4": {"Multilingual-MiniLM-L12-H384": 781986.6125}, "5": {"Multilingual-MiniLM-L12-H384": 873617.7203125}, "6": {"Multilingual-MiniLM-L12-H384": 795811.9640625}, "7": {"Multilingual-MiniLM-L12-H384": 826223.4546875}, "8": {"Multilingual-MiniLM-L12-H384": 836990.3984375}, "9": {"Multilingual-MiniLM-L12-H384": 786187.7046875}}, "bloom": {"0": {"bloom-350m": 227035.8176182714}, "1": {"bloom-350m": 623929.896868492}, "2": {"bloom-350m": 1508493.9010995668}, "3": {"bloom-350m": 61502.250266239564}, "4": {"bloom-350m": 6278.979866553997}, "5": {"bloom-350m": 35027.08638158338}, "6": {"bloom-350m": 834875.0375096387}, "7": {"bloom-350m": 79.25599917050066}, "8": {"bloom-350m": 735231.0446961501}, "9": {"bloom-350m": 73872.11404017745}}, "codegen": {"0": {"codegen-350M-multi": 167.73273681640626}, "1": {"codegen-350M-multi": 143.44052299499512}, "2": {"codegen-350M-multi": 136.4084944152832}, "3": {"codegen-350M-multi": 175.63131217956544}, "4": {"codegen-350M-multi": 127.64635192871094}, "5": {"codegen-350M-multi": 64.3027647781372}, "6": {"codegen-350M-multi": 122.40572982788086}, "7": {"codegen-350M-multi": 31.755916759967803}, "8": {"codegen-350M-multi": 239.46675430297853}, "9": {"codegen-350M-multi": 66.98801591873169}}, "DialoGPT": {"0": {"DialoGPT-large": 861.91668993632}, "1": {"DialoGPT-large": 1935.7650098164877}, "2": {"DialoGPT-large": 370.8450496037801}, "3": {"DialoGPT-large": 1673.4213948567708}, "4": {"DialoGPT-large": 2153.1479614257814}, "5": {"DialoGPT-large": 3239.0002110799155}, "6": {"DialoGPT-large": 3967.087665303548}, "7": {"DialoGPT-large": 3685.47401415507}, "8": {"DialoGPT-large": 18117.03720779419}, "9": {"DialoGPT-large": 51339.51903101603}}}